id,temperatura,tosSeca,dolorGargante,dolorCabeza,dificultadRespirar,presionPecho,incapacidadParaHablar
1,39.89,0,4,4,0,1,0
2,36.19,1,10,8,0,1,0
3,36.14,0,1,7,1,1,1
4,39.05,1,2,6,1,1,1
5,37.52,1,7,3,1,0,1
6,37.38,0,0,7,1,0,0
7,39.11,0,3,7,0,1,1
8,37.82,1,1,5,1,0,1
9,37.53,1,6,5,1,1,0
10,36.19,0,2,4,0,1,0
11,36.47,1,3,2,0,0,1
12,37.4,0,0,8,0,0,1
13,38.2,0,7,1,1,1,0
14,39.52,1,0,10,0,1,1
15,36.08,0,1,8,0,0,0
16,39.29,1,5,2,0,1,0
17,37.01,1,3,10,0,0,0
18,36.39,0,8,2,0,1,1
19,39.02,0,2,2,0,0,1
20,38.08,1,1,10,1,1,0
21,39.23,1,3,10,0,1,0
22,38.04,1,0,6,1,0,1
23,38.83,1,9,2,1,0,1
24,36.26,0,9,7,0,0,0
25,39.9,1,1,10,0,0,1
26,36.23,1,8,9,1,0,0
27,37.24,1,4,7,1,0,1
28,38.26,1,0,5,0,1,0
29,38.59,0,4,5,1,1,1
30,38.15,1,8,5,1,0,0
31,36.46,1,5,10,0,1,1
32,36.85,1,1,7,1,0,1
33,38.62,0,6,6,1,1,1
34,36.96,0,2,4,0,0,0
35,38.47,0,4,2,1,0,0
36,38.82,0,2,6,1,1,1
37,36.9,0,8,9,1,1,0
38,36.99,1,0,5,0,0,0
39,39.37,0,3,9,0,0,0
40,37.63,1,10,8,1,1,1
41,39.2,0,10,8,0,1,0
42,37.91,1,10,3,0,1,1
43,38.98,0,3,4,0,0,1
44,38.41,1,5,10,1,0,1
45,39.06,1,8,10,0,1,0
46,38.38,1,7,1,0,1,1
47,36.03,1,2,4,0,0,1
48,36.86,0,8,2,1,0,1
49,39.65,1,2,3,1,0,0
50,39.79,0,1,6,0,0,0
51,38.52,1,10,8,0,0,1
52,38.4,1,0,8,0,0,1
53,38.89,0,5,9,0,1,1
54,36.58,0,8,10,0,1,1
55,38.53,0,7,6,1,1,0
56,36.43,1,4,1,0,1,1
57,37.03,0,6,3,1,0,0
58,38.89,1,7,5,1,0,1
59,39.32,0,10,2,0,0,1
60,36.87,1,7,8,1,1,1
61,36.03,1,6,5,1,1,1
62,39.18,0,4,4,0,1,0
63,36.02,0,0,5,0,1,0
64,36.02,0,10,2,1,0,1
65,38.92,0,0,1,1,1,0
66,38.55,1,9,5,1,1,0
67,39.27,0,1,5,1,1,1
68,37.56,1,4,7,1,0,0
69,39.25,1,0,5,0,0,1
70,38.95,1,10,9,1,1,1
71,37.75,1,2,3,0,0,1
72,37.26,1,10,6,0,0,1
73,38.16,1,1,8,0,1,0
74,39.37,0,6,10,1,0,0
75,37.55,1,1,8,0,1,0
76,36.45,1,2,9,1,1,0
77,36.64,1,3,10,0,0,0
78,38.1,0,4,2,0,0,0
79,37.54,0,5,1,0,1,1
80,38.64,1,1,7,0,0,1
81,39.85,1,4,1,1,1,1
82,36.47,0,1,7,1,1,1
83,39.67,1,4,6,0,1,0
84,37.51,1,9,1,1,0,0
85,37.55,0,3,6,0,1,0
86,38.69,0,8,9,0,0,1
87,37.05,0,10,10,0,1,1
88,38.96,0,2,3,1,1,0
89,36.01,0,8,8,0,1,1
90,39.89,0,7,7,1,0,1
91,36.6,0,1,6,1,1,0
92,38.59,1,6,1,1,0,1
93,38.24,0,2,5,1,0,0
94,38.22,0,1,7,0,1,1
95,39.42,0,9,10,1,0,0
96,37.01,0,6,10,0,1,1
97,37.41,0,3,7,0,0,1
98,39.29,0,10,5,1,1,1
99,38.28,1,6,8,0,1,0
100,39.68,0,6,4,0,0,0
101,38.06,0,1,8,1,1,1
102,37.32,1,8,1,1,1,0
103,36.0,1,8,10,1,0,0
104,36.02,1,9,6,0,0,1
105,38.21,0,5,4,1,0,1
106,39.85,0,9,4,0,0,1
107,37.7,1,10,4,1,0,0
108,36.65,1,7,5,1,0,1
109,37.76,0,2,1,0,0,1
110,39.81,0,1,5,1,0,1
111,39.28,0,9,6,0,1,0
112,39.01,0,9,10,0,1,1
113,36.12,0,0,10,1,1,1
114,38.51,1,8,4,0,0,0
115,37.03,0,7,4,0,1,1
116,36.14,0,1,8,1,0,1
117,36.29,1,2,5,0,0,1
118,38.93,1,7,2,1,1,1
119,38.73,1,5,10,1,0,1
120,38.43,1,1,10,0,0,1
121,37.79,0,7,5,0,1,1
122,36.54,1,5,4,0,1,1
123,37.97,1,2,4,0,1,0
124,38.88,1,5,5,0,1,1
125,38.51,0,4,7,1,1,0
126,36.77,0,0,3,0,0,1
127,38.1,0,4,3,1,1,0
128,39.19,0,3,7,1,0,0
129,37.39,0,10,8,1,1,1
130,37.55,0,8,2,0,1,1
131,37.39,0,6,10,1,1,0
132,38.46,0,10,6,1,0,0
133,38.97,0,0,1,0,1,0
134,39.66,0,9,10,1,0,1
135,37.39,0,6,9,0,0,0
136,38.82,1,4,2,0,0,1
137,37.78,0,6,10,1,0,0
138,37.52,0,0,5,1,1,0
139,37.99,0,6,7,0,0,1
140,37.34,0,5,9,0,0,1
141,39.3,0,0,4,0,0,1
142,38.71,1,1,5,1,0,0
143,36.81,0,7,3,0,1,1
144,37.26,1,1,9,1,1,1
145,37.26,0,2,8,1,1,1
146,36.16,1,5,3,0,1,1
147,36.6,1,4,8,0,0,1
148,38.09,1,5,5,0,0,1
149,37.98,1,3,4,0,0,0
150,38.45,1,3,2,1,1,1
151,36.71,1,8,5,0,1,0
152,38.18,1,7,8,0,0,1
153,38.09,0,5,4,0,1,0
154,37.16,0,0,6,1,1,0
155,38.05,1,8,10,1,1,1
156,39.85,0,9,4,0,1,1
157,37.16,0,2,7,1,0,0
158,37.34,1,7,2,1,0,0
159,38.98,0,10,7,1,0,1
160,37.07,1,4,6,0,1,1
161,36.43,0,1,9,0,0,1
162,36.26,1,4,8,1,1,0
163,36.99,0,2,9,0,0,0
164,36.05,1,6,10,0,1,1
165,37.99,1,2,1,0,1,1
166,36.27,1,10,4,0,0,1
167,38.84,1,7,6,0,0,1
168,39.31,1,5,8,1,1,0
169,36.38,1,6,7,0,0,0
170,36.17,1,5,5,0,1,0
171,37.82,1,3,3,0,1,1
172,39.25,0,8,3,1,1,1
173,38.58,1,2,3,1,1,1
174,38.13,0,0,5,1,0,1
175,38.79,0,1,10,0,0,0
176,37.61,1,2,10,0,1,1
177,39.15,0,8,5,1,0,1
178,38.65,1,7,1,0,1,1
179,38.62,0,5,1,0,0,0
180,39.41,0,5,9,0,1,0
181,39.78,0,2,4,0,0,1
182,38.39,0,2,1,1,0,1
183,37.03,0,1,3,1,1,1
184,38.73,1,9,10,1,1,1
185,36.7,0,6,10,0,0,0
186,38.72,0,1,4,1,0,1
187,39.5,0,10,4,0,1,1
188,36.69,1,10,2,1,1,0
189,37.78,0,9,6,1,0,1
190,36.49,1,7,4,0,1,0
191,36.49,1,5,7,0,1,0
192,36.74,1,8,7,1,0,1
193,37.75,0,7,9,0,0,1
194,39.14,1,1,7,1,1,1
195,38.25,0,5,9,0,1,0
196,36.37,0,4,1,1,1,1
197,38.2,0,10,10,1,0,0
198,39.82,1,2,5,0,1,1
199,38.45,0,9,6,1,1,1
